성별,나이,요금제,월요금,데이터사용량,가입개월수,이탈여부,지역_기타,지역_대구,지역_부산,지역_서울
0,46.0,2,29000.0,17.0,37,0,0,0,0,0
0,54.0,2,65000.0,11.0,62,0,0,0,1,0
0,58.0,1,89000.0,13.5,65,0,0,1,0,0
1,67.0,1,65000.0,2.4,38,0,0,0,0,0
0,48.0,2,55000.0,12.149999999999999,18,1,0,0,0,0
1,50.0,0,45000.0,10.8,37,0,0,0,0,1
1,57.0,1,65000.0,7.7,20,1,0,0,0,0
1,32.0,1,65000.0,14.9,61,0,0,0,0,1
0,43.0,2,55000.0,20.0,43,0,0,0,0,0
1,50.0,2,35000.0,7.3,32,0,0,0,1,0
1,22.0,1,65000.0,8.7,49,0,0,0,0,1
1,35.0,2,79000.0,12.9,72,0,0,0,0,1
0,55.0,1,65000.0,18.4,68,0,0,0,0,1
1,68.0,1,29000.0,7.1,11,0,0,1,0,0
1,45.0,2,65000.0,13.0,32,0,0,0,0,0
0,39.0,1,79000.0,19.3,55,0,0,0,0,1
0,41.0,0,35000.0,5.4,55,1,0,1,0,0
0,53.0,1,79000.0,24.0,70,0,0,0,0,0
1,46.0,2,55000.0,10.3,10,1,0,0,0,0
0,20.0,1,55000.0,9.9,65,0,1,0,0,0
0,46.0,1,79000.0,15.3,22,0,0,0,0,1
1,39.0,1,55000.0,13.0,57,0,0,0,0,1
0,54.0,1,55000.0,4.9,50,0,0,0,0,0
0,63.0,1,45000.0,14.1,54,0,0,0,0,1
1,68.0,2,89000.0,9.7,18,0,0,0,1,0
1,50.0,2,89000.0,17.1,70,0,0,0,0,1
1,37.0,2,29000.0,9.5,49,1,0,0,0,1
1,41.0,1,79000.0,24.0,54,0,0,0,0,1
0,27.0,1,29000.0,14.2,54,0,0,0,0,0
1,66.0,1,45000.0,15.1,60,0,0,0,0,1
1,62.0,2,89000.0,13.8,12,0,0,0,0,1
0,62.0,1,35000.0,5.3,47,0,0,1,0,0
0,35.0,0,45000.0,14.2,45,0,0,0,0,1
0,35.0,2,35000.0,7.9,47,0,0,0,0,0
0,43.0,1,79000.0,12.9,7,1,0,0,0,1
0,46.0,1,55000.0,6.3,50,0,0,0,0,0
0,54.0,1,65000.0,13.8,50,1,0,0,0,1
1,43.0,2,89000.0,8.8,51,0,0,0,0,0
0,41.0,1,55000.0,6.9,51,1,0,0,0,1
1,51.0,0,79000.0,14.9,67,1,0,1,0,0
1,60.0,1,29000.0,13.0,32,0,1,0,0,0
1,36.0,0,35000.0,9.5,71,0,0,0,0,1
1,60.0,0,89000.0,17.8,58,0,0,0,0,1
0,31.0,2,89000.0,10.2,59,0,0,0,0,1
1,39.0,1,65000.0,12.1,53,0,0,0,0,0
0,65.0,2,45000.0,13.1,22,0,0,0,0,1
1,67.0,0,35000.0,9.5,33,0,0,1,0,0
0,66.0,2,79000.0,13.9,7,0,0,0,1,0
0,35.0,2,79000.0,9.9,49,0,0,1,0,0
1,62.0,1,35000.0,10.4,11,0,0,0,0,0
0,66.0,2,65000.0,17.5,70,0,1,0,0,0
1,68.0,1,65000.0,24.0,39,0,0,0,0,1
0,20.0,2,55000.0,2.3,19,1,0,0,0,0
0,56.0,0,89000.0,18.4,37,0,0,0,0,1
1,69.0,1,29000.0,22.2,10,1,1,0,0,0
1,57.0,2,35000.0,10.4,52,0,0,0,0,0
0,30.0,1,29000.0,4.3,70,0,0,1,0,0
0,57.0,2,65000.0,10.8,21,0,0,0,0,1
0,24.0,1,65000.0,10.9,68,0,1,0,0,0
1,43.0,1,89000.0,11.2,22,0,0,0,0,0
1,50.0,1,55000.0,7.5,24,0,0,0,0,0
0,42.0,2,35000.0,14.3,16,1,1,0,0,0
0,54.0,2,55000.0,14.1,41,1,0,0,0,0
0,31.0,1,29000.0,6.0,13,0,0,0,0,0
0,49.0,1,65000.0,14.8,61,1,0,0,0,0
1,51.0,2,65000.0,20.2,44,0,0,0,0,1
1,51.0,2,89000.0,12.7,64,0,0,0,0,1
0,33.0,2,45000.0,10.7,21,0,0,0,0,1
1,34.0,1,45000.0,24.0,25,0,0,0,0,1
0,32.0,2,29000.0,14.5,19,0,0,1,0,0
0,42.0,2,45000.0,5.1,22,0,0,0,0,0
0,48.0,0,55000.0,12.7,52,0,0,0,0,0
0,37.0,2,79000.0,10.4,68,0,0,0,0,0
0,43.0,1,79000.0,19.4,11,0,0,0,0,0
1,33.0,2,29000.0,24.0,40,1,0,0,0,0
1,30.0,1,35000.0,18.7,66,0,1,0,0,0
0,52.0,1,55000.0,7.6,11,0,1,0,0,0
1,60.0,1,45000.0,14.3,6,0,0,0,0,0
1,33.0,2,29000.0,13.3,43,0,0,0,0,1
1,62.0,1,79000.0,8.5,21,0,0,0,0,0
1,48.0,1,79000.0,12.7,70,1,0,0,0,0
0,27.0,2,55000.0,16.9,66,0,0,0,0,0
1,37.0,2,45000.0,10.7,54,1,0,0,1,0
1,19.0,2,79000.0,5.2,29,0,0,0,0,0
1,20.0,0,29000.0,24.0,64,0,0,0,0,1
0,36.0,1,55000.0,24.0,70,0,0,0,0,1
0,42.0,1,79000.0,10.6,28,1,0,0,0,0
0,59.0,1,89000.0,11.7,21,0,0,0,0,1
0,25.0,1,35000.0,5.2,23,0,0,0,0,1
0,61.0,2,65000.0,5.5,19,1,0,0,1,0
0,30.0,2,35000.0,13.9,19,1,0,0,0,0
1,26.0,1,29000.0,9.9,32,1,0,0,0,1
0,54.0,2,45000.0,1.7,38,0,0,0,0,0
1,58.0,1,89000.0,15.1,15,0,0,0,1,0
0,49.0,1,65000.0,13.1,49,0,0,0,0,1
1,24.0,2,55000.0,9.1,66,0,0,1,0,0
0,24.0,1,35000.0,6.7,22,0,1,0,0,0
1,38.0,2,29000.0,24.0,54,0,0,0,0,0
0,41.0,0,35000.0,13.4,7,0,0,0,1,0
0,69.0,0,35000.0,21.5,45,0,0,0,0,1
0,33.0,0,35000.0,13.7,16,1,1,0,0,0
1,28.0,2,65000.0,13.6,70,0,0,0,0,0
0,67.0,2,29000.0,11.3,29,1,1,0,0,0
1,26.0,2,29000.0,15.3,43,0,0,0,0,0
1,20.0,2,55000.0,14.5,42,0,0,0,0,1
0,40.0,2,45000.0,17.0,55,0,0,0,0,1
0,39.0,2,55000.0,9.9,8,0,0,0,1,0
0,50.0,0,29000.0,10.3,46,0,0,0,0,0
0,63.0,2,35000.0,24.0,16,0,0,0,0,1
0,66.0,2,55000.0,15.2,44,0,0,0,1,0
0,33.0,1,65000.0,18.0,69,0,0,1,0,0
1,69.0,1,45000.0,12.2,14,0,0,0,0,0
0,51.0,1,55000.0,10.3,60,0,0,0,0,0
0,22.0,1,55000.0,13.3,55,0,0,0,0,1
1,66.0,1,35000.0,11.0,15,0,0,0,1,0
1,26.0,1,35000.0,15.8,13,0,0,0,0,1
0,49.0,1,45000.0,3.0,11,1,0,1,0,0
0,59.0,1,29000.0,8.7,44,0,0,0,0,0
0,31.0,2,65000.0,8.9,22,0,0,0,0,0
1,32.0,2,65000.0,2.7,51,1,0,0,0,1
1,43.0,2,45000.0,8.1,23,0,0,0,0,1
0,64.0,2,45000.0,8.3,39,0,0,0,1,0
0,30.0,1,45000.0,24.0,69,0,0,0,0,0
0,52.0,2,65000.0,16.5,45,0,0,0,0,0
1,42.0,2,79000.0,24.0,41,1,1,0,0,0
0,24.0,2,29000.0,7.9,55,1,1,0,0,0
0,55.0,1,45000.0,11.8,48,0,0,1,0,0
0,61.0,2,29000.0,16.2,39,0,0,0,0,1
0,48.0,1,55000.0,8.1,69,1,0,0,0,0
1,27.0,1,35000.0,8.4,62,0,0,1,0,0
0,26.0,2,45000.0,14.2,21,1,0,0,0,0
0,40.0,1,55000.0,11.1,49,0,0,0,0,1
1,44.0,2,45000.0,14.6,32,0,0,1,0,0
1,47.0,2,45000.0,11.9,35,0,0,0,0,0
0,31.0,1,79000.0,14.8,36,1,0,0,0,0
0,44.0,0,79000.0,24.0,45,0,1,0,0,0
1,34.0,2,29000.0,12.0,40,0,0,0,0,0
0,53.0,1,45000.0,11.2,18,0,0,0,0,0
1,59.0,2,79000.0,7.1,8,1,0,0,0,0
1,52.0,1,55000.0,24.0,55,1,0,0,0,0
1,19.0,1,35000.0,14.7,28,0,0,0,0,1
0,69.0,1,65000.0,12.2,8,0,0,0,1,0
1,20.0,1,35000.0,7.9,72,0,0,1,0,0
1,69.0,2,29000.0,11.6,20,0,0,0,0,1
0,20.0,1,65000.0,16.5,39,0,0,0,0,1
1,45.0,1,55000.0,2.9,8,0,0,1,0,0
1,24.0,1,79000.0,6.0,34,0,0,0,0,1
1,23.0,2,45000.0,8.3,17,0,0,0,0,0
0,53.0,2,79000.0,17.8,61,0,0,0,0,0
0,56.0,2,45000.0,24.0,63,0,0,0,1,0
1,25.0,2,79000.0,15.1,11,0,0,0,0,1
0,68.0,2,29000.0,7.4,37,0,0,0,1,0
1,35.0,2,29000.0,7.5,35,0,0,0,0,0
1,43.0,1,79000.0,13.8,61,0,0,0,0,0
1,34.0,2,79000.0,12.2,57,0,0,0,0,1
0,42.0,1,89000.0,14.2,18,0,0,0,0,0
1,28.0,1,45000.0,11.2,52,1,0,0,0,0
0,40.0,1,29000.0,13.1,34,0,0,0,0,1
1,29.0,2,89000.0,12.6,51,0,0,0,0,1
0,21.0,2,65000.0,15.1,55,1,0,0,0,1
0,37.0,1,35000.0,15.2,61,0,0,0,0,1
1,53.0,0,79000.0,5.5,11,1,0,0,0,1
1,57.0,2,89000.0,3.0,10,1,1,0,0,0
1,37.0,1,35000.0,24.0,65,0,0,0,0,0
0,35.0,1,79000.0,12.2,49,1,0,1,0,0
1,59.0,1,79000.0,7.9,35,0,1,0,0,0
1,53.0,2,55000.0,4.6,47,0,0,0,0,1
1,61.0,1,65000.0,12.4,24,1,0,0,1,0
1,65.0,2,35000.0,15.7,55,0,0,1,0,0
0,60.0,0,89000.0,19.2,69,0,0,0,0,0
0,66.0,2,89000.0,14.1,50,0,0,0,0,0
1,40.0,2,89000.0,10.5,33,0,0,0,0,0
1,39.0,0,79000.0,8.4,61,0,0,0,0,1
0,35.0,2,29000.0,12.0,18,0,0,0,0,0
0,30.0,2,45000.0,10.8,72,0,1,0,0,0
1,57.0,2,55000.0,24.0,68,0,1,0,0,0
1,55.0,2,89000.0,20.2,39,0,0,0,0,1
0,59.0,2,55000.0,19.1,38,0,0,0,1,0
1,27.0,2,55000.0,16.5,53,0,0,0,0,1
1,44.0,1,35000.0,8.3,55,0,1,0,0,0
0,43.0,1,79000.0,15.4,68,0,0,0,0,1
0,43.0,2,45000.0,14.6,28,0,1,0,0,0
1,32.0,1,29000.0,13.8,47,0,0,1,0,0
0,26.0,2,89000.0,17.0,65,0,0,0,0,1
0,48.0,0,35000.0,14.5,46,0,0,0,0,1
0,63.0,2,29000.0,15.0,10,0,0,1,0,0
1,65.0,1,29000.0,14.5,55,0,0,0,0,1
0,23.0,2,55000.0,24.0,13,1,0,0,0,0
0,35.0,1,29000.0,4.9,55,0,1,0,0,0
0,26.0,2,79000.0,12.149999999999999,60,0,0,0,0,0
1,34.0,1,55000.0,9.8,55,0,0,0,0,0
1,46.0,2,45000.0,6.9,51,0,0,0,0,0
0,33.0,0,29000.0,18.7,65,0,0,0,0,1
0,22.0,1,55000.0,12.2,33,0,1,0,0,0
0,45.0,1,35000.0,17.4,50,0,0,0,0,1
1,21.0,1,89000.0,13.0,25,0,0,0,0,1
1,30.0,0,45000.0,17.4,40,0,0,0,0,1
0,19.0,2,55000.0,12.0,43,0,1,0,0,0
0,23.0,2,29000.0,12.8,41,1,0,0,0,1
1,43.0,2,29000.0,7.6,62,0,0,1,0,0
1,62.0,2,35000.0,13.6,25,0,0,0,1,0
0,58.0,1,29000.0,12.2,66,0,0,1,0,0
0,43.0,0,79000.0,6.8,24,0,1,0,0,0
1,20.0,0,89000.0,11.8,6,1,0,1,0,0
1,36.0,1,89000.0,24.0,22,0,1,0,0,0
1,52.0,1,35000.0,19.2,42,0,0,0,0,1
0,57.0,1,79000.0,15.6,52,0,0,0,1,0
0,60.0,0,55000.0,12.0,14,0,0,0,0,0
1,36.0,2,29000.0,13.0,55,0,0,0,0,0
1,27.0,1,29000.0,12.2,40,0,0,1,0,0
1,20.0,1,55000.0,11.2,21,0,1,0,0,0
0,26.0,2,45000.0,7.7,11,0,0,0,1,0
1,22.0,2,29000.0,11.4,11,0,0,0,0,0
0,62.0,0,89000.0,9.0,67,0,0,0,0,0
0,32.0,0,79000.0,7.0,13,0,0,0,0,0
1,60.0,0,55000.0,14.0,65,0,0,0,0,0
1,47.0,1,89000.0,13.6,34,1,0,0,0,0
1,46.0,2,89000.0,4.9,11,1,0,0,0,1
1,42.0,2,89000.0,11.5,29,0,0,0,0,1
0,60.0,1,35000.0,16.0,9,1,0,0,1,0
1,21.0,1,89000.0,16.2,50,0,0,0,0,0
0,43.0,1,55000.0,16.1,52,0,1,0,0,0
0,40.0,1,79000.0,12.2,51,0,0,0,0,0
1,39.0,2,89000.0,12.149999999999999,49,1,0,0,0,1
1,46.0,1,35000.0,7.7,27,0,0,0,0,1
1,56.0,2,55000.0,13.4,42,0,0,0,0,1
0,48.0,2,29000.0,24.0,23,0,1,0,0,0
1,32.0,2,35000.0,17.1,45,0,0,0,0,1
0,35.0,2,45000.0,16.4,52,0,0,0,0,0
1,57.0,1,79000.0,11.5,60,1,1,0,0,0
1,29.0,2,89000.0,7.0,36,0,1,0,0,0
1,44.0,2,45000.0,10.7,13,0,0,0,0,1
0,46.0,1,45000.0,12.9,15,0,0,0,0,1
0,57.0,1,55000.0,11.2,56,1,0,0,0,1
0,55.0,2,89000.0,9.7,41,0,0,0,0,1
1,42.0,2,89000.0,13.0,26,0,0,0,0,1
1,34.0,2,35000.0,10.0,32,0,0,0,0,0
0,43.0,1,35000.0,9.5,68,0,1,0,0,0
1,39.0,2,65000.0,24.0,33,0,0,0,0,0
1,30.0,2,45000.0,10.4,70,0,0,0,0,0
0,50.0,2,35000.0,13.0,65,0,0,0,0,1
0,29.0,1,29000.0,13.1,29,1,0,1,0,0
1,52.0,2,45000.0,7.4,66,0,0,0,0,0
1,57.0,1,45000.0,10.1,50,0,0,1,0,0
0,68.0,2,55000.0,17.8,33,0,1,0,0,0
1,25.0,1,35000.0,7.4,29,0,0,0,0,1
1,57.0,2,79000.0,3.5,43,1,0,0,0,1
1,23.0,2,65000.0,12.149999999999999,66,0,0,0,0,1
1,36.0,2,55000.0,12.1,19,0,0,0,0,0
1,27.0,1,35000.0,12.1,9,0,1,0,0,0
0,27.0,1,55000.0,11.5,13,0,0,0,0,0
0,27.0,2,65000.0,16.9,23,0,0,0,1,0
0,43.0,2,45000.0,1.3,46,0,0,0,0,0
1,60.0,0,35000.0,13.6,14,1,0,0,0,1
0,22.0,1,55000.0,18.2,40,1,0,0,0,1
0,39.0,2,45000.0,7.5,63,0,0,0,1,0
1,54.0,2,45000.0,10.5,16,0,0,0,1,0
0,69.0,1,45000.0,9.0,51,1,0,0,0,0
0,62.0,1,45000.0,24.0,10,1,0,0,0,1
0,25.0,1,79000.0,10.7,48,0,0,0,1,0
0,69.0,0,55000.0,17.7,15,1,0,0,0,1
0,52.0,2,55000.0,19.3,37,0,1,0,0,0
1,28.0,2,65000.0,10.7,41,0,0,0,0,1
0,41.0,2,45000.0,19.6,53,0,0,0,0,1
0,65.0,2,29000.0,12.1,17,0,0,0,0,0
1,39.0,2,79000.0,19.0,69,0,0,0,0,0
0,28.0,2,29000.0,11.6,41,0,0,0,0,0
1,63.0,2,65000.0,12.5,48,0,0,0,0,0
1,67.0,1,35000.0,13.5,36,0,1,0,0,0
1,68.0,2,35000.0,24.0,56,0,0,0,0,0
0,67.0,2,29000.0,24.0,28,0,0,0,0,0
0,63.0,1,89000.0,9.2,47,0,0,0,0,0
1,42.0,1,55000.0,24.0,60,0,0,0,0,1
0,28.0,1,45000.0,10.6,59,0,0,0,0,0
1,50.0,1,79000.0,10.0,26,1,0,0,0,1
0,30.0,1,29000.0,15.6,55,0,0,0,0,0
0,43.0,2,55000.0,12.1,52,0,0,0,0,1
1,52.0,2,55000.0,13.1,31,0,1,0,0,0
1,67.0,1,55000.0,12.1,51,0,0,0,0,0
1,33.0,2,29000.0,13.3,47,1,0,1,0,0
1,31.0,2,89000.0,24.0,56,0,0,0,0,0
0,56.0,2,35000.0,4.3,50,0,0,0,0,1
1,19.0,2,65000.0,14.7,26,0,0,1,0,0
1,47.0,2,79000.0,8.1,37,0,0,0,0,0
0,57.0,2,45000.0,6.2,6,1,0,0,1,0
0,47.0,1,29000.0,11.8,21,0,0,0,0,0
1,38.0,0,45000.0,24.0,71,0,0,0,0,0
0,61.0,2,79000.0,9.2,47,0,0,1,0,0
1,37.0,0,89000.0,15.3,53,1,0,0,0,0
0,55.0,2,89000.0,6.6,33,0,0,0,0,1
0,42.0,0,35000.0,10.4,55,0,0,0,1,0
0,20.0,0,65000.0,24.0,8,0,0,0,1,0
0,43.0,2,35000.0,11.8,53,0,1,0,0,0
1,21.0,1,65000.0,24.0,38,0,0,0,0,0
1,66.0,0,45000.0,8.0,64,0,0,0,0,0
1,49.0,0,65000.0,14.9,12,0,0,1,0,0
1,37.0,0,65000.0,12.3,12,0,0,0,0,0
0,43.0,1,89000.0,4.4,20,1,0,0,1,0
1,50.0,2,55000.0,4.2,49,0,0,0,0,0
1,32.0,1,45000.0,12.0,69,0,0,0,0,1
